Workbook

Sheet Dashboard
A1: WattWise — Learning & Project Dashboard
A2: Update task statuses in Project Tracker and learning statuses in Learning Curriculum. This sheet summarizes progress.
A3: Metric | B3: Value | C3: How to interpret
A4: Total project tasks | B4: =COUNTA('Project Tracker'!B2:B67) -> 66 | C4: All planned project deliverables
A5: Tasks done | B5: =COUNTIF('Project Tracker'!H2:H67,"Done") -> 4 | C5: Only mark done when acceptance criteria pass
A6: Tasks in progress | B6: =COUNTIF('Project Tracker'!H2:H67,"In Progress") -> 3 | C6: Work currently underway
A7: Tasks blocked | B7: =COUNTIF('Project Tracker'!H2:H67,"Blocked") -> 0 | C7: Needs a decision or dependency resolved
A8: Project completion | B8: =IF(B4=0,0,B5/B4) -> 0.060606061 | C8: Completed tasks / total tasks
A9: Learning topics | B9: =COUNTA('Learning Curriculum'!B2:B25) -> 24 | C9: Topics listed in learning curriculum
A10: Learning topics comfortable | B10: =COUNTIF('Learning Curriculum'!G2:G25,"Comfortable") -> 0 | C10: Topics you can explain and apply
A13: Progress by phase
A14: Phase | B14: Total tasks | C14: Done | D14: Progress
A15: 0. Product & setup | B15: =COUNTIF('Project Tracker'!A$2:A$67,A15) -> 7 | C15: =COUNTIFS('Project Tracker'!A$2:A$67,A15,'Project Tracker'!H$2:H$67,"Done") -> 4 | D15: =IF(B15=0,0,C15/B15) -> 0.57142857
A16: 1. Data model | B16: =COUNTIF('Project Tracker'!A$2:A$67,A16) -> 7 | C16: =COUNTIFS('Project Tracker'!A$2:A$67,A16,'Project Tracker'!H$2:H$67,"Done") -> 0 | D16: =IF(B16=0,0,C16/B16) -> 0
A17: 2. Bill & reading flows | B17: =COUNTIF('Project Tracker'!A$2:A$67,A17) -> 7 | C17: =COUNTIFS('Project Tracker'!A$2:A$67,A17,'Project Tracker'!H$2:H$67,"Done") -> 0 | D17: =IF(B17=0,0,C17/B17) -> 0
A18: 3. Calculation & reconciliation | B18: =COUNTIF('Project Tracker'!A$2:A$67,A18) -> 6 | C18: =COUNTIFS('Project Tracker'!A$2:A$67,A18,'Project Tracker'!H$2:H$67,"Done") -> 0 | D18: =IF(B18=0,0,C18/B18) -> 0
A19: 4. Dashboard & analytics | B19: =COUNTIF('Project Tracker'!A$2:A$67,A19) -> 4 | C19: =COUNTIFS('Project Tracker'!A$2:A$67,A19,'Project Tracker'!H$2:H$67,"Done") -> 0 | D19: =IF(B19=0,0,C19/B19) -> 0
A20: 5. Python foundations | B20: =COUNTIF('Project Tracker'!A$2:A$67,A20) -> 9 | C20: =COUNTIFS('Project Tracker'!A$2:A$67,A20,'Project Tracker'!H$2:H$67,"Done") -> 0 | D20: =IF(B20=0,0,C20/B20) -> 0
A21: 6. Python service | B21: =COUNTIF('Project Tracker'!A$2:A$67,A21) -> 4 | C21: =COUNTIFS('Project Tracker'!A$2:A$67,A21,'Project Tracker'!H$2:H$67,"Done") -> 0 | D21: =IF(B21=0,0,C21/B21) -> 0
A22: 7. Anomaly detection | B22: =COUNTIF('Project Tracker'!A$2:A$67,A22) -> 5 | C22: =COUNTIFS('Project Tracker'!A$2:A$67,A22,'Project Tracker'!H$2:H$67,"Done") -> 0 | D22: =IF(B22=0,0,C22/B22) -> 0
A23: 8. Forecasting | B23: =COUNTIF('Project Tracker'!A$2:A$67,A23) -> 4 | C23: =COUNTIFS('Project Tracker'!A$2:A$67,A23,'Project Tracker'!H$2:H$67,"Done") -> 0 | D23: =IF(B23=0,0,C23/B23) -> 0
A24: 9. Evidence-grounded LLM | B24: =COUNTIF('Project Tracker'!A$2:A$67,A24) -> 4 | C24: =COUNTIFS('Project Tracker'!A$2:A$67,A24,'Project Tracker'!H$2:H$67,"Done") -> 0 | D24: =IF(B24=0,0,C24/B24) -> 0
A25: 10. Feedback & quality | B25: =COUNTIF('Project Tracker'!A$2:A$67,A25) -> 4 | C25: =COUNTIFS('Project Tracker'!A$2:A$67,A25,'Project Tracker'!H$2:H$67,"Done") -> 0 | D25: =IF(B25=0,0,C25/B25) -> 0
A26: 11. Deploy & present | B26: =COUNTIF('Project Tracker'!A$2:A$67,A26) -> 5 | C26: =COUNTIFS('Project Tracker'!A$2:A$67,A26,'Project Tracker'!H$2:H$67,"Done") -> 0 | D26: =IF(B26=0,0,C26/B26) -> 0

Sheet Project Tracker
A1: Phase | B1: Task ID | C1: Task / Deliverable | D1: What to learn / do | E1: Type | F1: Priority | G1: Depends on | H1: Status | I1: Acceptance criteria / Definition of Done | J1: Completed date
A2: 0. Product & setup | B2: WW-001 | C2: Write project brief | D2: Define users, problem, two input modes, key outcomes, and non-goals. | E2: Planning | F2: High | H2: In Progress | I2: A short README/docs brief explains what WattWise does and explicitly excludes smart-meter hardware for MVP.
A3: 0. Product & setup | B3: WW-002 | C3: Define user stories and demo journey | D3: Think through adding a bill, adding readings, reconciling, viewing analytics, and reading an insight. | E3: Planning | F3: High | G3: WW-001 | H3: In Progress | I3: At least 5 user stories and one end-to-end demo journey are written.
A4: 0. Product & setup | B4: WW-003 | C4: Set up Git repository | D4: Learn/refresh Git init, commits, branches, .gitignore, and readable commit messages. | E4: Setup | F4: High | G4: WW-001 | H4: Done | I4: Repository has meaningful first commits and no secrets or node_modules committed. | J4: 46304
A5: 0. Product & setup | B5: WW-004 | C5: Create project README and folders | D5: Create frontend, backend, analytics, database, docs folders and setup placeholders. | E5: Setup | F5: High | G5: WW-003 | H5: Done | I5: Folder structure and README are clear enough for a new developer to follow. | J5: 46304
A6: 0. Product & setup | B6: WW-005 | C6: Set up React + Vite app | D6: Use familiar React skills; build app shell and routing. | E6: Frontend | F6: High | G6: WW-004 | H6: Done | I6: Frontend runs locally and has a basic layout. | J6: 46304
A7: 0. Product & setup | B7: WW-006 | C7: Set up Express server | D7: Create server, route structure, middleware, JSON parsing, and GET /api/health. | E7: Backend | F7: High | G7: WW-004 | H7: Done | I7: Health route returns predictable JSON; errors are handled cleanly. | J7: 46304
A8: 0. Product & setup | B8: WW-007 | C8: Environment variables and config | D8: Learn .env usage, config separation, and secret handling. | E8: Setup/Security | F8: High | G8: WW-006 | H8: In Progress | I8: .env is ignored by Git; .env.example lists variable names without secrets.
A9: 1. Data model | B9: WW-008 | C9: Draw database ERD | D9: Understand entities, relationships, primary keys, foreign keys, and one-to-many relationships. | E9: Database | F9: High | G9: WW-001 | H9: Not Started | I9: Diagram includes property/household, meter, bill, meter reading, and analysis/insight entities.
A10: 1. Data model | B10: WW-009 | C10: Set up PostgreSQL and connection | D10: Refresh SQL, connection config, connection pooling, and error handling using pg. | E10: Database | F10: High | G10: WW-006 | H10: Not Started | I10: Backend connects to local PostgreSQL without hard-coded credentials.
A11: 1. Data model | B11: WW-010 | C11: Create migrations/schema | D11: Learn constraints, indexes, timestamps, numeric types, and migration discipline. | E11: Database | F11: High | G11: WW-008, WW-009 | H11: Not Started | I11: A clean database can be built from the schema/migrations.
A12: 1. Data model | B12: WW-011 | C12: Create properties and meters tables | D12: Keep each reading tied to the correct household and physical meter. | E12: Database | F12: High | G12: WW-010 | H12: Not Started | I12: Foreign keys prevent orphan meters and properties.
A13: 1. Data model | B13: WW-012 | C13: Create bills table | D13: Store period dates, billed units, amount, optional opening/closing readings, actual/estimated status, and source. | E13: Database | F13: High | G13: WW-010 | H13: Not Started | I13: Bill evidence remains separate from manual meter observations.
A14: 1. Data model | B14: WW-013 | C14: Create meter_readings table | D14: Store meter ID, timestamp, cumulative value, unit, source, note, and quality status. | E14: Database | F14: High | G14: WW-010 | H14: Not Started | I14: Manual readings preserve timestamp and meter identity.
A15: 1. Data model | B15: WW-014 | C15: Seed realistic synthetic data | D15: Learn seed scripts and design cases for success and failure. | E15: Data quality | F15: High | G15: WW-012, WW-013 | H15: Not Started | I15: Includes matching readings, mismatch, incomplete coverage, duplicate timestamp, estimated bill, and reset.
A16: 2. Bill & reading flows | B16: WW-015 | C16: Design monthly bill form | D16: Plan fields, required/optional values, error messages, and date handling. | E16: UX/Frontend | F16: High | G16: WW-012 | H16: Not Started | I16: Form clearly distinguishes billed units from opening/closing meter values.
A17: 2. Bill & reading flows | B17: WW-016 | C17: Implement POST/GET bills API | D17: Learn request validation, status codes, SQL parameters, and error responses. | E17: Backend | F17: High | G17: WW-012 | H17: Not Started | I17: Valid bills persist; malformed/invalid periods return useful 4xx responses.
A18: 2. Bill & reading flows | B18: WW-017 | C18: Connect monthly bill UI to API | D18: Handle loading, success, field errors, server errors, and refresh/list view. | E18: Full-stack | F18: High | G18: WW-015, WW-016 | H18: Not Started | I18: A bill can be created and then seen in the bill history.
A19: 2. Bill & reading flows | B19: WW-018 | C19: Design manual reading form | D19: Allow meter, reading timestamp, cumulative kWh, and optional note. | E19: UX/Frontend | F19: High | G19: WW-013 | H19: Not Started | I19: User understands that the input is a cumulative meter value, not usage for that day.
... A67: 11. Deploy & present | B67: WW-066 | C67: Record project walkthrough | D67: Show data entry, reconciliation, dashboard, anomaly, forecast, and evidence-backed explanation. | E67: Portfolio | F67: Medium | G67: WW-065 | H67: Not Started | I67: Short walkthrough demonstrates real functionality rather than slides only.

Sheet Learning Curriculum
A1: Learning Stage | B1: Topic | C1: Specific subtopics to learn | D1: Why WattWise needs it | E1: Practice / mini-task | F1: Related project task IDs | G1: Status | H1: Confidence (1-5) | I1: Resource / notes
A2: Python Basics | B2: Environment setup | C2: Python install/version, venv, pip, requirements.txt, running scripts | D2: Keep analytics dependencies isolated from Node dependencies. | E2: Create a venv and run a small script. | F2: WW-032 | G2: Not Started
A3: Python Basics | B3: Core syntax | C3: Variables, numeric/string/bool types, lists, tuples, dictionaries, sets | D3: Represent readings and structured facts. | E3: Create a list of readings and compute a simple difference. | F3: WW-033 | G3: Not Started
A4: Python Basics | B4: Control flow | C4: if/else, for/while loops, comprehensions, truthiness | D4: Validate input and process sequences. | E4: Reject an invalid reading and loop through sample readings. | F4: WW-033 | G4: Not Started
A5: Python Basics | B5: Functions | C5: Parameters, return values, defaults, scope, docstrings | D5: Make calculation logic reusable and testable. | E5: Write calculate_interval_usage(previous, current). | F5: WW-034 | G5: Not Started
A6: Python Basics | B6: Errors and modules | C6: try/except, custom errors, imports, packages, file structure | D6: Handle invalid data and organize code. | E6: Handle negative delta and split helpers into modules. | F6: WW-034 | G6: Not Started
A7: Data formats | B7: CSV and JSON | C7: Read/write CSV, JSON serialization, encoding, schemas | D7: Move sample data between app and analytics. | E7: Load a synthetic readings CSV and emit JSON summary. | F7: WW-035 | G7: Not Started
A8: Data analysis | B8: pandas basics | C8: Series, DataFrame, columns, filtering, sorting, groupby, aggregation | D8: Summarize usage by day/month and inspect data. | E8: Create a monthly consumption table. | F8: WW-036 | G8: Not Started
A9: Data analysis | B9: Dates and time series | C9: to_datetime, sorting, time zones, date ranges, resample, interval boundaries | D9: Align readings to billing periods and identify gaps. | E9: Find readings within a bill's period and flag missing intervals. | F9: WW-037 | G9: Not Started
A10: Data quality | B10: Missing and duplicate data | C10: isna, duplicates, invalid values, merge validation, missing intervals | D10: Prevent misleading totals and comparisons. | E10: Create a quality report for sample readings. | F10: WW-037 | G10: Not Started
A11: Statistics | B11: Descriptive statistics | C11: Mean, median, range, standard deviation, quantiles, percentage change | D11: Build transparent baselines and comparisons. | E11: Compare current use with previous complete periods. | F11: WW-038 | G11: Not Started
A12: Testing | B12: pytest basics | C12: Assertions, fixtures, parametrization, test discovery, edge cases | D12: Ensure calculations are trustworthy. | E12: Test matching, discrepancy, reset, and missing-data examples. | F12: WW-039 | G12: Not Started
A13: APIs | B13: FastAPI basics | C13: Routes, HTTP methods, status codes, Pydantic models, docs | D13: Expose Python analysis to the Node backend. | E13: Create a POST endpoint with a validated request model. | F13: WW-041 | G13: Not Started
... A25: Quality | B25: End-to-end testing | C25: API tests, integration tests, regression, clean setup, demo data | D25: Prove the full user journey works. | E25: Run bill → readings → reconciliation → dashboard scenario. | F25: WW-059, WW-064 | G25: Not Started

Sheet Daily Log
A1: Date | B1: Session goal (one main task) | C1: Task ID(s) | D1: What I actually did | E1: What worked / evidence | F1: What I learned | G1: Problem / blocker | H1: Next action | I1: Time spent (optional) | J1: Session rating (1-5)

Sheet Decisions & Risks
A1: Type | B1: Topic | C1: Decision / risk | D1: Mitigation / next action | E1: Status | F1: Notes
A2: Decision | B2: Input modes | C2: Support Monthly Bill Mode and Manual Meter Mode. No smart-meter hardware in initial version. | D2: Keep bill and manual reading data separate in database and UI. | E2: Agreed
A3: Decision | B3: Billing reference | C3: Bill remains billing reference; manual readings are additional observations. | D3: Reconcile only aligned periods and flag mismatch for review. | E3: Agreed
A4: Decision | B4: Calculation truth | C4: All arithmetic and metrics are computed by code, not by LLM. | D4: Add tests and show evidence for each insight. | E4: Agreed
A5: Decision | B5: AI sequence | C5: Rule-based anomaly detection and naive forecast before advanced ML. | D5: Evaluate on labelled synthetic data before adding complexity. | E5: Agreed
A6: Risk | B6: Sparse data | C6: Monthly data may be too sparse for detailed anomaly detection or forecasting. | D6: Require minimum history and show insufficient-data states. | E6: Open
A7: Risk | B7: Period mismatch | C7: Manual readings may not cover exact billing period. | D7: Track coverage; do not compare totals if incomplete. | E7: Open
A8: Risk | B8: Meter reset/replacement | C8: Cumulative reading may decrease after a reset or meter change. | D8: Flag for review and maintain meter identity/lifecycle. | E8: Open
A9: Risk | B9: LLM hallucination | C9: LLM may invent cause or alter numbers. | D9: Pass verified facts only; validate output; never infer appliance causes without evidence. | E9: Open
A10: Risk | B10: Privacy and API cost | C10: Bills and usage patterns can be sensitive; LLM calls can incur cost. | D10: Use synthetic demo data, keep keys server-side, minimize identifiers, add limits. | E10: Open

Sheet How to Use
A1: Step | B1: How to use this tracker
A2: 1. Start at Dashboard | B2: Check the overall progress. Formulas update from the other sheets when opened in Excel or LibreOffice.
A3: 2. Choose the next project task | B3: In Project Tracker, follow dependencies. Pick one main task per work session; do not start later phases just because they look exciting.
A4: 3. Update status honestly | B4: Not Started = untouched; In Progress = active; Blocked = cannot proceed; Done = acceptance criteria passed; Skipped = deliberately removed from scope.
A5: 4. Record notes | B5: Use Notes / Blocker for bugs, decisions, and the next small step. Avoid duplicate task rows.
A6: 5. Learn alongside building | B6: Use Learning Curriculum to track each concept; mark Comfortable only when you can explain it and apply it without copying blindly.
A7: 6. Daily log | B7: At the end of each session, add one row in Daily Log: goal, what you did, evidence, learning, blocker, next action.
A8: 7. Weekly review | B8: Once a week, review completed tasks, blockers, upcoming dependencies, and whether target dates still make sense.
A9: 8. Completion rule | B9: A task is done only when its acceptance criteria are met and relevant tests/manual checks pass.
A10: 9. No fixed timeline | B10: There are no forced dates. Fill in Start/Target dates only if they help you plan.
A11: 10. Suggested first steps | B11: Start with WW-001 to WW-007. Then design the schema and seed data before building advanced AI.
A12: Status definitions | B12: Not Started | In Progress | Blocked | Done | Skipped
A13: Core WattWise rule | B13: Bill = billing reference; manual readings = additional observations. Compare only aligned periods; show discrepancies rather than silently correcting.
